,s,MaxDev,Procrustes
0,1.0,0.09103822199325286,1.2568552349756563
0,2.0,0.06292706133815464,1.0579753622632189
0,3.0,0.049525822999418156,0.8669151080662811
0,4.0,0.035053323001098945,0.4257016982396026
0,5.0,0.03180933199433435,0.4140525374345703
0,6.0,0.02899158233144241,0.3321453169537043
0,7.0,0.024695708180880002,0.30156588151552743
0,8.0,0.02230156339518094,0.24841678778666462
0,9.0,0.022099687265392395,0.2034185939843055
0,10.0,0.0170431139988048,0.13111718194215596
0,11.0,0.01660043285863964,0.10778726362208538
0,12.0,0.0157868391143311,0.09900981943881583
0,13.0,0.01578652716209212,0.10762530621986591
0,14.0,0.015325734634784583,0.09368735390388519
0,15.0,0.013433115896676121,0.0789306652904661
0,16.0,0.013059721373203003,0.07814563512642884
0,17.0,0.011215575171298814,0.05931663442727075
0,18.0,0.011152827343172288,0.04930436032586838
0,19.0,0.010573626147928774,0.04837699586092277
0,20.0,0.010194945953856211,0.043733772031395314
0,21.0,0.010379132910956353,0.040088262019169804
0,22.0,0.010400981184954137,0.04059972284041999
0,23.0,0.009917075228736479,0.04219349632393662
0,24.0,0.010127514418461606,0.04277885685500995
0,25.0,0.010674150327006863,0.04227742553825815
0,1.0,0.08497570787581005,0.4459651285566199
0,2.0,0.042920669609794466,0.40841659033680755
0,3.0,0.028229104695279672,0.23094814952710316
0,4.0,0.024801891005791745,0.14437378227085337
0,5.0,0.01973175819547289,0.13856118730810973
0,6.0,0.020116343935792015,0.11422147625932831
0,7.0,0.016712042849394544,0.10182187610500107
0,8.0,0.015452379415469923,0.08472966016281232
0,9.0,0.01703160421437706,0.10240961213338112
0,10.0,0.01785389607841647,0.0958154549338635
0,11.0,0.015124453291589766,0.06584915926396304
0,12.0,0.012409878539078427,0.04706177622406976
0,13.0,0.011589513012661782,0.04392612708787081
0,14.0,0.011139783292784823,0.047050818295163714
0,15.0,0.011461619944909993,0.045840602951132015
0,16.0,0.010391009248617801,0.044518094432106595
0,17.0,0.01037205876795213,0.04219574364683512
0,18.0,0.009594512916693486,0.04016585094659196
0,19.0,0.009691750611760282,0.043013643739041915
0,20.0,0.010455665478592837,0.05047917991349664
0,21.0,0.01027239376023228,0.04561691095192015
0,22.0,0.01007297877851245,0.04118083011115076
0,23.0,0.010370641447931683,0.0372334225310749
0,24.0,0.010873794450660926,0.0392765006695891
0,25.0,0.010674150327052326,0.04227742553831573
0,1.0,0.11706926327816736,0.6956361459286271
0,2.0,0.05769446535867888,0.32294671628599636
0,3.0,0.03823512282500247,0.18527495926805504
0,4.0,0.026426620026230516,0.1843427045820688
0,5.0,0.020734023770541885,0.16243779669201952
0,6.0,0.0209545442300797,0.14037888011549526
0,7.0,0.021846689574201508,0.15475670715876208
0,8.0,0.01862405732945191,0.10310925256939743
0,9.0,0.01791912997333883,0.11889573363925335
0,10.0,0.01904211435552012,0.10694873126886126
0,11.0,0.018208130254242106,0.11183957832691648
0,12.0,0.014387191101931934,0.07932177414473815
0,13.0,0.014811943389151663,0.0732191843516641
0,14.0,0.013561862524898603,0.06673908466873414
0,15.0,0.012436724550978473,0.06125557512603804
0,16.0,0.01341407207983366,0.06364229362372924
0,17.0,0.011413606701322623,0.049658285538173204
0,18.0,0.013511595351892872,0.058801971946200966
0,19.0,0.012209674206094832,0.04930425567501767
0,20.0,0.01198842855581041,0.04722592546459848
0,21.0,0.011770821718665083,0.038959809565486
0,22.0,0.011770416616717452,0.040762051741825685
0,23.0,0.011337242336613323,0.04079058446336894
0,24.0,0.011994593579300715,0.051398846085408935
0,25.0,0.01067415032704085,0.04227742553838854
0,1.0,0.08497570787588019,0.44596512855643633
0,2.0,0.03768822879875342,0.2956040554508136
0,3.0,0.029681713717953917,0.2765038406770836
0,4.0,0.026082645208915508,0.41419908716982595
0,5.0,0.018907132068414424,0.2586098700675994
0,6.0,0.02008637856047,0.2319602948198461
0,7.0,0.018607999922766204,0.16717454901061898
0,8.0,0.01764607360158913,0.11065999011671625
0,9.0,0.015540557028487135,0.09846006646950509
0,10.0,0.012644935695367704,0.07717537870156833
0,11.0,0.010463995797137639,0.058235002854184634
0,12.0,0.010135662626001124,0.04943364871436355
0,13.0,0.010740074403122487,0.05511699515073745
0,14.0,0.010520032326947879,0.04718716258296006
0,15.0,0.010478860706766933,0.0497530334186674
0,16.0,0.00957947909807038,0.04597682422636603
0,17.0,0.010266166547132095,0.0426840796108172
0,18.0,0.010865518250426401,0.051437293888141736
0,19.0,0.01240615400987075,0.06052657785116132
0,20.0,0.010932310307072434,0.047225537677015594
0,21.0,0.01061927294141862,0.04382599576400783
0,22.0,0.009896642733316488,0.04132804803905379
0,23.0,0.010390345350408052,0.052250655652354996
0,24.0,0.011471531206863738,0.05026448325377278
0,25.0,0.0106741503269815,0.0422774255384746
0,1.0,0.048130333257832864,0.6145766536480473
0,2.0,0.03760860874518937,0.32404501904125343
0,3.0,0.027665176509144223,0.17158561217487225
0,4.0,0.02465002525021246,0.19231851440825537
0,5.0,0.022912732860756027,0.15501404498877983
0,6.0,0.022828351759009814,0.15356558303524942
0,7.0,0.02097796703760918,0.14614993737596785
0,8.0,0.017936590500889846,0.12186843565302247
0,9.0,0.01865506827541708,0.11662637307276602
0,10.0,0.016353609953276903,0.0927090910449598
0,11.0,0.012423260210573253,0.07289006495053728
0,12.0,0.013842771931075044,0.06510360114560027
0,13.0,0.013426055060853866,0.05111463934722242
0,14.0,0.012807983299946507,0.0672852001177387
0,15.0,0.012626857809333251,0.060938992063040605
0,16.0,0.012824327207125029,0.06100811566896114
0,17.0,0.010996575372336212,0.04588411237181778
0,18.0,0.010525030284156568,0.047775681597365
0,19.0,0.010617184000458716,0.04873420910332451
0,20.0,0.009100158200995485,0.03706481722554877
0,21.0,0.009167997994368323,0.03414357405734422
0,22.0,0.009518956740400835,0.03569321749520544
0,23.0,0.011164980151547033,0.042045660318247885
0,24.0,0.01097856898557982,0.03842859252091885
0,25.0,0.010674150327027515,0.04227742553864438
0,1.0,0.07189203257788614,1.432031627557245
0,2.0,0.037804290575604214,0.5215079608737043
0,3.0,0.024291597346900305,0.26381433830418693
0,4.0,0.02360832060032365,0.2397554399461883
0,5.0,0.024540871478808807,0.2241752924544239
0,6.0,0.021648080484233383,0.16944262648159739
0,7.0,0.01822116728689529,0.12488575557319827
0,8.0,0.018002413673655463,0.11941772292425447
0,9.0,0.021538484117339447,0.14503770482329317
0,10.0,0.022208046158985476,0.1544982416067443
0,11.0,0.01831267245285955,0.10145049582460713
0,12.0,0.017832022987034363,0.07690734449285287
0,13.0,0.016397009079187324,0.07306655552742411
0,14.0,0.014355397620657101,0.0539034824780532
0,15.0,0.012898676372094393,0.04462768330967411
0,16.0,0.012205255968424249,0.046347624765483826
0,17.0,0.012454799029226266,0.04550928561832356
0,18.0,0.012265141415189302,0.04220151737763711
0,19.0,0.012207950072439144,0.042326825980435155
0,20.0,0.01206444325870597,0.046903275742534715
0,21.0,0.012179700681547122,0.04381265677898035
0,22.0,0.010293818516752935,0.03547154414646882
0,23.0,0.0112187507868668,0.04595832838693521
0,24.0,0.011554134785414073,0.047638818701647635
0,25.0,0.01067415032702415,0.04227742553859164
0,1.0,0.055246683714620146,1.3864671900999497
0,2.0,0.03338967515721437,0.46567073140373066
0,3.0,0.02391949423523311,0.29301085457163456
0,4.0,0.02008828788808589,0.21322134927625244
0,5.0,0.01915588610809106,0.17078569837766777
0,6.0,0.019977992170916538,0.1583878136060167
0,7.0,0.016558660892502644,0.09615551771921625
0,8.0,0.015614569434381942,0.08988433223633216
0,9.0,0.013294034211872903,0.06869714405272882
0,10.0,0.015840908781950176,0.07010482195860339
0,11.0,0.016654007905735197,0.07245051774425039
0,12.0,0.016382642801173814,0.08512827535350612
0,13.0,0.016014650195507386,0.0698899101585385
0,14.0,0.016101374562056483,0.06860229710270047
0,15.0,0.01558867373284004,0.07075322948440957
0,16.0,0.014100027623508959,0.05018759937976531
0,17.0,0.014158469933682498,0.05399585463107148
0,18.0,0.012791168795582876,0.04710888405792889
0,19.0,0.013002049869537083,0.04807726182685212
0,20.0,0.012849691335045531,0.04660731911154857
0,21.0,0.012518109380991651,0.04968671938301877
0,22.0,0.012908648742447982,0.053517684060868265
0,23.0,0.011602060772505378,0.04643941368367541
0,24.0,0.010587041536932344,0.04520762668349758
0,25.0,0.010674150327027516,0.042277425538572645
0,1.0,0.046513310857420644,0.6215448004712532
0,2.0,0.026925117300516384,0.3115718956620452
0,3.0,0.027738465806803482,0.17071202359175436
0,4.0,0.021309945503825242,0.19498845419642477
0,5.0,0.025514813311787243,0.14771186475046116
0,6.0,0.02321930937324991,0.12614046754783945
0,7.0,0.019442799354766054,0.11292522374266113
0,8.0,0.01743856182189283,0.08886662156223174
0,9.0,0.01606885651139013,0.09073848893782757
0,10.0,0.018038606935077025,0.09310792831581327
0,11.0,0.016951651495567828,0.08704143482697563
0,12.0,0.01495929885498425,0.0536889392803595
0,13.0,0.013160596775392448,0.042141495227206026
0,14.0,0.012100967426936738,0.03967469926546761
0,15.0,0.011583640199424669,0.0380637755610157
0,16.0,0.0113392552698568,0.031248365065750544
0,17.0,0.010808786158859064,0.035115351467675804
0,18.0,0.011077781732511754,0.0469721362122843
0,19.0,0.011662633644814298,0.044560609318664936
0,20.0,0.012018691267660028,0.04453046190541354
0,21.0,0.011825821731084282,0.05215364937519222
0,22.0,0.010917229198035271,0.047333041959162936
0,23.0,0.010159263449941055,0.03852411898618753
0,24.0,0.010127514418462616,0.04277885685530214
0,25.0,0.01067415032701131,0.042277425538561904
0,1.0,0.03994893906569914,0.6381470273929281
0,2.0,0.02787126518713761,0.2860019067421899
0,3.0,0.02435127123581881,0.21455077289344082
0,4.0,0.025374227115142343,0.17930522182260053
0,5.0,0.019908530588525816,0.12581466374334707
0,6.0,0.017678928434826317,0.11063496889986364
0,7.0,0.01921862168478209,0.09679296475862435
0,8.0,0.015791461794949634,0.07140115484950074
0,9.0,0.013677450759555228,0.059794971583812834
0,10.0,0.012647060421558474,0.05750237525756291
0,11.0,0.01253720688273315,0.048707435921749545
0,12.0,0.012366268956531678,0.04197916774055444
0,13.0,0.010585412430812081,0.04459783584602105
0,14.0,0.011344533894988549,0.05562164369182227
0,15.0,0.011519355691362955,0.04298372520714992
0,16.0,0.012116301861080226,0.05439198839706034
0,17.0,0.014394483610631942,0.059691097906295676
0,18.0,0.013837355764764768,0.05512697173626249
0,19.0,0.015200500535759871,0.057390793904432635
0,20.0,0.014995582283919257,0.06956552523817923
0,21.0,0.013466202853482429,0.059090689643386034
0,22.0,0.01330601011794141,0.06011704915479188
0,23.0,0.012499523218401669,0.057725857973146034
0,24.0,0.01210630969220298,0.054132304172989074
0,25.0,0.010674150327026777,0.0422774255385737
0,1.0,0.05428285696476856,2.0505483680922816
0,2.0,0.03564211966040321,0.4722179335326197
0,3.0,0.02905267906114236,0.3456325831526492
0,4.0,0.022362462956510742,0.21160433036798076
0,5.0,0.020236284857763073,0.1705663739628458
0,6.0,0.018941212657326026,0.15110078231988275
0,7.0,0.018105051993678827,0.114501231565374
0,8.0,0.018763782633219272,0.10659217537689909
0,9.0,0.01830914955641991,0.09920528693574503
0,10.0,0.016080101380043354,0.07453196498664147
0,11.0,0.015911300062492573,0.06003863936620791
0,12.0,0.016342778805796824,0.07016995886958599
0,13.0,0.015937940479230212,0.0850066015453299
0,14.0,0.017676554035183242,0.10580161261712427
0,15.0,0.016150516738321907,0.09470796113370399
0,16.0,0.015685307328092563,0.08929576565181607
0,17.0,0.015397427401050915,0.0930491770164192
0,18.0,0.014960828413486338,0.09931401725922374
0,19.0,0.01542451383253443,0.09623268590359255
0,20.0,0.014156442492563615,0.07305323214094617
0,21.0,0.014136603588528838,0.05761863449554235
0,22.0,0.013018965056620127,0.05014950101165802
0,23.0,0.012885414303500112,0.052059694988900757
0,24.0,0.011833160468203485,0.048365782084131864
0,25.0,0.010674150327033036,0.04227742553870401
0,1.0,0.07582978510906016,1.2500527666887775
0,2.0,0.03801977364854682,0.4816284505988543
0,3.0,0.024114817680742685,0.2760249014535193
0,4.0,0.01998105341529056,0.16283248372355683
0,5.0,0.02154381242666459,0.19426993945388762
0,6.0,0.023289373197483133,0.21468982390218325
0,7.0,0.021650179014921195,0.19452181395961227
0,8.0,0.017859313080164536,0.11894741807542869
0,9.0,0.01704660323804975,0.10840056380619947
0,10.0,0.014317980609184636,0.07991674335393485
0,11.0,0.012272618482756166,0.05673094901612476
0,12.0,0.01030804784437951,0.04888509972442953
0,13.0,0.009774146645070089,0.047536627355471546
0,14.0,0.009403497950656838,0.0586033217305909
0,15.0,0.009278476659023427,0.04258424598787491
0,16.0,0.010630462074956578,0.04036444073755897
0,17.0,0.010160664198524762,0.03742262080792439
0,18.0,0.00940907492226862,0.03330604286476665
0,19.0,0.009585797240404247,0.02926384089224283
0,20.0,0.009105246043473543,0.030399294616422868
0,21.0,0.01014938430883831,0.04038753947713906
0,22.0,0.01045565406063738,0.04128339702057407
0,23.0,0.010791907512153635,0.04104003659862783
0,24.0,0.010816778634903693,0.04200233642834482
0,25.0,0.010674150327034585,0.04227742553873688
0,1.0,0.09103822199331228,1.2568552349773974
0,2.0,0.043180609839102053,0.6155145208635356
0,3.0,0.031195400750267884,0.3424099930960009
0,4.0,0.023925521473641163,0.21601491299619582
0,5.0,0.02473937215494668,0.1757251988544963
0,6.0,0.023014075691533506,0.1630955340335699
0,7.0,0.021733950024256363,0.15598734880202433
0,8.0,0.020784020772993166,0.13381802889580294
0,9.0,0.021594333843964128,0.1318566653765681
0,10.0,0.019474571862731816,0.10236972954315281
0,11.0,0.018335955843802553,0.13412524524273983
0,12.0,0.017881568753483307,0.1309164367603723
0,13.0,0.017132256864353396,0.1467714538225957
0,14.0,0.017102156683671047,0.1279038644038532
0,15.0,0.016642758265661417,0.13204073346084869
0,16.0,0.015191669533421692,0.10175489103176695
0,17.0,0.015976274433948858,0.11684072214352033
0,18.0,0.015877883279365578,0.0925769284228982
0,19.0,0.016294474581416914,0.09006159626089832
0,20.0,0.014863588994980814,0.08221318297358209
0,21.0,0.013759955501088304,0.06275018686350739
0,22.0,0.012948032378097584,0.053380578901411575
0,23.0,0.011640383430912874,0.044160521878969
0,24.0,0.011337415045510108,0.04318793105852465
0,25.0,0.010674150327026634,0.04227742553873021
0,1.0,0.06053386905460463,1.3353525652143208
0,2.0,0.0343200873792554,0.37045616734968484
0,3.0,0.028417070816531272,0.515280804775927
0,4.0,0.03183475144518516,0.41396776024350157
0,5.0,0.026743067514112113,0.2960971041776972
0,6.0,0.02208919743283651,0.26291180428395033
0,7.0,0.02191377371663893,0.23300679017116002
0,8.0,0.02132892599884397,0.19100951014184853
0,9.0,0.017016430739832913,0.1275039546111327
0,10.0,0.015230383781620652,0.10294800390273892
0,11.0,0.016035299028266108,0.09474580485924168
0,12.0,0.014285630848935959,0.07291274654445351
0,13.0,0.015017818365943812,0.0725084176268244
0,14.0,0.013660695515265239,0.058282811003926537
0,15.0,0.012051920049488893,0.05000939670660957
0,16.0,0.012453442909026877,0.06277118043762828
0,17.0,0.012122899249082929,0.0528770248821777
0,18.0,0.013687266363583757,0.06472578596024962
0,19.0,0.013491773310484076,0.06553654439663026
0,20.0,0.013200990787228329,0.07031366883029495
0,21.0,0.012627286681800498,0.059228562346039855
0,22.0,0.012571462710241352,0.05964891514618416
0,23.0,0.011977989159932806,0.05793101764855534
0,24.0,0.012106309692212078,0.054132304173183154
0,25.0,0.01067415032703373,0.04227742553879033
0,1.0,0.06119676256276848,0.6674831595844513
0,2.0,0.027879052490822495,0.24425336800911995
0,3.0,0.022743582791442216,0.22994480109098647
0,4.0,0.02515314218849697,0.32185396882896705
0,5.0,0.0198050171785024,0.15358456881777616
0,6.0,0.01929770765823821,0.12781357313287872
0,7.0,0.017875173023148345,0.1505255098342234
0,8.0,0.017951712019732433,0.13312679945634448
0,9.0,0.017460415354854254,0.08937596983582417
0,10.0,0.015188944592938878,0.0781079356772133
0,11.0,0.017072549286249933,0.10673953994924143
0,12.0,0.0156339772319547,0.09279395438841888
0,13.0,0.013578982896954113,0.06259188134355478
0,14.0,0.013642810956782778,0.05653326180428469
0,15.0,0.013112835507299546,0.05930347960686127
0,16.0,0.012007612530330568,0.04607960677096234
0,17.0,0.01155798059069309,0.04561002536003486
0,18.0,0.011647228578164092,0.04152782388985255
0,19.0,0.01370992442404521,0.04927092086449356
0,20.0,0.012170274496823254,0.04419119224798304
0,21.0,0.012081577769890944,0.04528119844158543
0,22.0,0.011084705001214893,0.03976341250793422
0,23.0,0.010159263449973768,0.03852411898635813
0,24.0,0.010127514418483412,0.04277885685553029
0,25.0,0.010674150327024621,0.04227742553880039
0,1.0,0.0910382219932112,1.2568552349771822
0,2.0,0.04316499167613389,0.44156900292259976
0,3.0,0.03234430324837918,0.3499654832772684
0,4.0,0.02679308540164787,0.21145028448195263
0,5.0,0.02301603584765265,0.14686655322526213
0,6.0,0.021107129464006863,0.14121379308412307
0,7.0,0.018136027734460634,0.1912305313944008
0,8.0,0.0165028259503436,0.17442272496785005
0,9.0,0.016801829039800396,0.13194215150860536
0,10.0,0.01665944972393049,0.12940064379261548
0,11.0,0.016187345515792057,0.11789348761737577
0,12.0,0.014745727089754915,0.11905804286145723
0,13.0,0.01590529277156433,0.11011603064118601
0,14.0,0.013506552761405348,0.08275755366930468
0,15.0,0.013215623036504472,0.08019644790049041
0,16.0,0.012485775697992812,0.08176337004253795
0,17.0,0.012477587716932352,0.06711314929941183
0,18.0,0.010637389804165504,0.0514595366400685
0,19.0,0.01143860904266169,0.050317229238346854
0,20.0,0.011108786545529072,0.040353475223378135
0,21.0,0.012489969037661187,0.04491388663446648
0,22.0,0.012880497310776309,0.04554261025462704
0,23.0,0.012752153987677109,0.046510981026096555
0,24.0,0.011703936569150667,0.0435678218032105
0,25.0,0.01067415032703161,0.04227742553888025
0,1.0,0.07443254504102408,1.2693468638543006
0,2.0,0.05360106012609354,0.9349919391009172
0,3.0,0.040326650094295924,0.7586164938102475
0,4.0,0.031614135030386896,0.4745368176225446
0,5.0,0.02507482582872034,0.315490316756355
0,6.0,0.02286443414018068,0.23174821065110737
0,7.0,0.02059389092714449,0.18084066952133337
0,8.0,0.02113442693945574,0.1640803421553017
0,9.0,0.01814381076583641,0.12595627839507428
0,10.0,0.01754584474132366,0.10094690957393163
0,11.0,0.01350384911383702,0.07192070634613129
0,12.0,0.014825866259371871,0.06743229406084712
0,13.0,0.012848618660493891,0.04853549471972542
0,14.0,0.012745365214482047,0.04542839773847376
0,15.0,0.011691097796351475,0.061067068118711335
0,16.0,0.01091238952800492,0.0669224270781127
0,17.0,0.011201542981103126,0.07570101262210316
0,18.0,0.01109778392425994,0.0651697895015658
0,19.0,0.011399634742868826,0.06020884835996717
0,20.0,0.011332813293979865,0.05121881288260073
0,21.0,0.011589480602184727,0.052035783534899405
0,22.0,0.011312143767133128,0.05053107087632671
0,23.0,0.011316096499930718,0.05155766826278566
0,24.0,0.010286487053687723,0.04129585310733851
0,25.0,0.01067415032704054,0.04227742553879321
0,1.0,0.051890347955231106,0.46257311447292476
0,2.0,0.0387621039272347,0.2997922831456744
0,3.0,0.02879229866990843,0.17481858420412774
0,4.0,0.02253374786354135,0.10884181050758127
0,5.0,0.023652882178202703,0.14754967073513972
0,6.0,0.023580213803529478,0.13365708008711835
0,7.0,0.01727072473017028,0.07597606501366573
0,8.0,0.01703825249284055,0.07002360048033522
0,9.0,0.016589413740441195,0.09101844072720076
0,10.0,0.013925800250341855,0.06367376436217025
0,11.0,0.014677844568809316,0.06061650868826014
0,12.0,0.014281866377189685,0.05561870735995494
0,13.0,0.015501511852237242,0.0728217854044179
0,14.0,0.014602081710954824,0.08714958152544508
0,15.0,0.012670536098297668,0.07745455719951881
0,16.0,0.010334976220524926,0.06753007876735413
0,17.0,0.011991193703269721,0.07100677335355748
0,18.0,0.010644165189584009,0.05627416959805198
0,19.0,0.0116986970849479,0.055436846097024345
0,20.0,0.0110515671851849,0.06134927118622214
0,21.0,0.011230220820567892,0.05786565812023975
0,22.0,0.011572598882557489,0.059631996853621666
0,23.0,0.010390345350420938,0.05225065565290624
0,24.0,0.011471531206874042,0.05026448325430254
0,25.0,0.010674150326990586,0.04227742553893741
0,1.0,0.06053386905373116,1.335352565214776
0,2.0,0.038650237496047304,0.49701697752319435
0,3.0,0.03406841138952072,0.26755234842899367
0,4.0,0.025803649562590028,0.2336873803800301
0,5.0,0.018001464490678937,0.1264176645750905
0,6.0,0.01914443716051003,0.13838792057029609
0,7.0,0.01487969241951333,0.0847628331798274
0,8.0,0.014781053021021763,0.07952993184360992
0,9.0,0.014142268628499145,0.09334471294228153
0,10.0,0.01316460342852488,0.07551340263782622
0,11.0,0.014200686416886057,0.07035961456525505
0,12.0,0.014544194369341252,0.05948852985184691
0,13.0,0.015836338342692022,0.07663431773204406
0,14.0,0.01276172293710223,0.06497411472867094
0,15.0,0.012301637839434908,0.07160825550178379
0,16.0,0.011727022983568635,0.06129441015137018
0,17.0,0.011368513659620778,0.04565497129924957
0,18.0,0.010828497072766306,0.04309640890916433
0,19.0,0.011360562306908979,0.04401961893863163
0,20.0,0.011091276400179283,0.03591081897383806
0,21.0,0.010310840064150013,0.034250368091483026
0,22.0,0.010693937792461434,0.03608912315352251
0,23.0,0.010463518737865475,0.030036932457609855
0,24.0,0.010978568985575109,0.03842859252117968
0,25.0,0.010674150327030915,0.04227742553889939
0,1.0,0.05741796911548883,0.5613060550653097
0,2.0,0.06140168921497968,0.304526689431793
0,3.0,0.0388609154504948,0.20746034023650975
0,4.0,0.030637601250678093,0.15262324300455715
0,5.0,0.02304664335820562,0.1867945631423254
0,6.0,0.019310228295120666,0.17306901565730431
0,7.0,0.021400440727711516,0.14000063938571244
0,8.0,0.017524289222735058,0.12470114016470667
0,9.0,0.01676376097300024,0.11100161509689589
0,10.0,0.018973618488108947,0.13781446854768484
0,11.0,0.01849619889877673,0.14559590514763293
0,12.0,0.017402495587880637,0.13884414402100778
0,13.0,0.017559694880779193,0.14250783490535826
0,14.0,0.014748063934897452,0.10555661720872277
0,15.0,0.01418864892064249,0.09759818047501653
0,16.0,0.015517463266224744,0.1040769713676621
0,17.0,0.01430554765117404,0.09408002904199564
0,18.0,0.013479358053527466,0.08507526795872783
0,19.0,0.013251448246010364,0.0674424136076181
0,20.0,0.012192588409572666,0.056959373279035254
0,21.0,0.011991398321233712,0.06463504273096161
0,22.0,0.011940202362705609,0.052733183563749744
0,23.0,0.012154836732212503,0.0543394084137648
0,24.0,0.011337415045511298,0.043187931058805425
0,25.0,0.010674150327029223,0.0422774255390057
0,1.0,0.04813033325819365,0.6145766536475449
0,2.0,0.028878151110339676,0.3494843082990154
0,3.0,0.025888028250526482,0.21561351998919237
0,4.0,0.02502691769738852,0.19056204762099718
0,5.0,0.025894133200890602,0.14927805099202854
0,6.0,0.02358565776383459,0.1319374443630013
0,7.0,0.021792794016131923,0.12916088292317363
0,8.0,0.02371198382218379,0.1476539853810749
0,9.0,0.022695669285306565,0.12383743362188744
0,10.0,0.019495391432046056,0.10093572666981275
0,11.0,0.01613899570091255,0.07610567967711741
0,12.0,0.016960760834961824,0.07420200220429214
0,13.0,0.014359304686992258,0.0667358603829065
0,14.0,0.013207907953036082,0.06721891110896977
0,15.0,0.012864470369185406,0.06322119645093298
0,16.0,0.013258173919557059,0.07051014311985823
0,17.0,0.013447156518857743,0.06317492447015612
0,18.0,0.012131990906766567,0.06100375406713936
0,19.0,0.01244910846352589,0.05532979913782958
0,20.0,0.013568518407449345,0.06508452232193733
0,21.0,0.013508156883913104,0.06166735243033657
0,22.0,0.014169737653183712,0.061943792461222426
0,23.0,0.012563059826987716,0.05011065234511091
0,24.0,0.010978568985611586,0.03842859252127606
0,25.0,0.010674150327047466,0.04227742553903134
0,1.0,0.11706926327797665,0.695636145928766
0,2.0,0.05538835729293852,0.6095280184718259
0,3.0,0.03945359879487153,0.3116329672802292
0,4.0,0.03847511981581856,0.15899435608064225
0,5.0,0.03283882542362951,0.10375601799238869
0,6.0,0.029331235525985905,0.0951243414658803
0,7.0,0.02462776503640059,0.08238722714312414
0,8.0,0.020509629717765796,0.07413116478074469
0,9.0,0.01911373842891958,0.06261080641012431
0,10.0,0.016551792919493737,0.0523733621491893
0,11.0,0.014757979371738304,0.051742661686975173
0,12.0,0.01449628885277106,0.05416900587535547
0,13.0,0.013252399622080845,0.05000741042235303
0,14.0,0.011703766721865717,0.04270989555436856
0,15.0,0.011263284385045744,0.04378206439682025
0,16.0,0.009975863195019126,0.03746623826987945
0,17.0,0.009342880707369067,0.03299854552228041
0,18.0,0.009158466231446418,0.031724504867233674
0,19.0,0.009778761800972443,0.03520186377430937
0,20.0,0.00976550016696943,0.034013914414032384
0,21.0,0.010084732147452717,0.03959632580727437
0,22.0,0.009695261488785535,0.04426414310163495
0,23.0,0.01100531631702746,0.049100586771251134
0,24.0,0.011471531206892885,0.050264483254502106
0,25.0,0.010674150327000212,0.0422774255390729
0,1.0,0.09000176348471205,1.2313277668932034
0,2.0,0.0502310010577559,0.6624504527175761
0,3.0,0.02984885733957112,0.43882902203549196
0,4.0,0.02743965743386213,0.31698791957917755
0,5.0,0.022693403630361382,0.2608114818445273
0,6.0,0.020292339063965888,0.1812215340965406
0,7.0,0.017631597534027623,0.1580080764173639
0,8.0,0.015098768551258905,0.10390818353129633
0,9.0,0.013245676898902655,0.07452522956734539
0,10.0,0.01059902510967181,0.0523453894942635
0,11.0,0.010915028444479261,0.04827003656282392
0,12.0,0.010498272441849168,0.037736838347492495
0,13.0,0.010485242323856846,0.035580183528459694
0,14.0,0.010469775396685877,0.0349374921021781
0,15.0,0.009801057151319905,0.02920926865371154
0,16.0,0.009702029258972943,0.03047974447946643
0,17.0,0.00916885553642006,0.029510495806805516
0,18.0,0.00905917633077629,0.03484680336891701
0,19.0,0.009858929103103365,0.03407631957531916
0,20.0,0.010076750971808282,0.025955639716515017
0,21.0,0.009803697005382748,0.025152722405558804
0,22.0,0.010041800131487968,0.028068199528199275
0,23.0,0.01020924555237529,0.03632072716923163
0,24.0,0.011337415045495581,0.043187931058893
0,25.0,0.010674150327021592,0.0422774255390217
0,1.0,0.04886578859375522,0.7513132833480589
0,2.0,0.024462247913591844,0.35970804520897454
0,3.0,0.022612459441946547,0.22750588657348134
0,4.0,0.026798928121847688,0.25927872178650757
0,5.0,0.02120739223606182,0.2581002909505448
0,6.0,0.021100777111417883,0.23839884508418116
0,7.0,0.021240792425891494,0.18049411364512516
0,8.0,0.021740275966780305,0.1590110130862901
0,9.0,0.019716363995323137,0.16668690790137997
0,10.0,0.01882188205979146,0.11162541911440496
0,11.0,0.01593145920548422,0.08919505769622613
0,12.0,0.016158347868263895,0.07867649827459694
0,13.0,0.01266139020858005,0.0611668583941092
0,14.0,0.011452573067273,0.05818280555987021
0,15.0,0.009989346379733255,0.04349879585308585
0,16.0,0.011848428143227126,0.043728435726640126
0,17.0,0.012402583642676287,0.04430133897547699
0,18.0,0.012884803897019462,0.04669567839014964
0,19.0,0.01294743143980158,0.04346325142677032
0,20.0,0.012959132058414204,0.0406185610455338
0,21.0,0.011671352733741168,0.038867722191551525
0,22.0,0.010664557977755241,0.034283383654060924
0,23.0,0.010682054856881335,0.0434003530634522
0,24.0,0.01093674749907327,0.042655291582156474
0,25.0,0.010674150327025718,0.042277425539097906
0,1.0,0.09000176348431053,1.2313277668931197
0,2.0,0.0465453531092078,1.0390303849538405
0,3.0,0.03143784236738728,0.5066228577070528
0,4.0,0.024223384180952663,0.23724089130843842
0,5.0,0.01920906406203595,0.15196227862880476
0,6.0,0.015545330888263343,0.1261716920491956
0,7.0,0.013417340411121387,0.09052965182809955
0,8.0,0.012164001066016936,0.08505371341186622
0,9.0,0.011984114214013563,0.10177909749650638
0,10.0,0.010730835523814968,0.08785119920373102
0,11.0,0.011095437868150183,0.0725466439275908
0,12.0,0.01320131361085928,0.0612844254209527
0,13.0,0.013629282288787325,0.06682183207965794
0,14.0,0.012100667886755411,0.04961252758820271
0,15.0,0.01230110293847044,0.04543948984503525
0,16.0,0.011462433809853406,0.04290767130725685
0,17.0,0.011921982254274138,0.03923979602603625
0,18.0,0.010711156724439251,0.03542771533959874
0,19.0,0.010745321875685703,0.03550147005017576
0,20.0,0.010772191863178513,0.03635771923454771
0,21.0,0.010158128040683364,0.031172437882199734
0,22.0,0.009766937332198723,0.03486068037223198
0,23.0,0.010741144118870793,0.04530320848476389
0,24.0,0.011603593704151796,0.0527502258082917
0,25.0,0.01067415032703912,0.0422774255392892
0,1.0,0.048865788593585036,0.7513132833480023
0,2.0,0.046381810316633014,0.23163190508948886
0,3.0,0.02971674164029605,0.16551928608341177
0,4.0,0.021627631849363702,0.13600365392229347
0,5.0,0.026926628560951918,0.15150990077172072
0,6.0,0.019454372767541566,0.09271116962474299
0,7.0,0.022831741341978094,0.11403539488765359
0,8.0,0.018106172460836706,0.12391842871036844
0,9.0,0.01876279012802094,0.09291118042882472
0,10.0,0.017957876244427295,0.06491716788948342
0,11.0,0.018873985790153862,0.08305920441122286
0,12.0,0.014861284513806224,0.0629969243773734
0,13.0,0.015274759887295125,0.06182095436045974
0,14.0,0.014104181934889666,0.0441576477208492
0,15.0,0.014042324239339108,0.04133355944784052
0,16.0,0.012284250745575685,0.03711570812404836
0,17.0,0.012092531077604784,0.04828470005787007
0,18.0,0.012743231954394734,0.047546705423481404
0,19.0,0.014164839900675236,0.04907127743106391
0,20.0,0.013674560574874425,0.04506667046371056
0,21.0,0.01221084496708624,0.03531743826860089
0,22.0,0.01117956114907005,0.03131947795696535
0,23.0,0.010463518737890342,0.03003693245780486
0,24.0,0.010655912263627849,0.03323463888954864
0,25.0,0.010674150327037857,0.042277425539243685
0,1.0,0.05741796911547516,0.5613060550656159
0,2.0,0.036056156178062605,0.42279321200551945
0,3.0,0.026169430014351167,0.20803951904241505
0,4.0,0.027223751164007503,0.17033874463724705
0,5.0,0.02275739148987965,0.1733885096506343
0,6.0,0.017166337928627744,0.142832757542309
0,7.0,0.01751460471393046,0.17886555232179893
0,8.0,0.015004354512457293,0.13338148335663738
0,9.0,0.013344567707748025,0.10858955904147635
0,10.0,0.011701235332757774,0.08233469507115847
0,11.0,0.010765047367712083,0.07525735982513666
0,12.0,0.009164984262438084,0.050958497792828183
0,13.0,0.010088415365705485,0.04935730365845693
0,14.0,0.009892392909427493,0.059325621193279304
0,15.0,0.009987830271391475,0.0580806221666352
0,16.0,0.010187511318081313,0.05816141685109753
0,17.0,0.01008562464960953,0.051653083428597396
0,18.0,0.011182319625593172,0.048524178145103736
0,19.0,0.011549404118991805,0.05301466568351307
0,20.0,0.011159116742131369,0.04600397083421496
0,21.0,0.010157584368463361,0.04006581818571739
0,22.0,0.011279029442930596,0.045941153524499435
0,23.0,0.010741144118846767,0.04530320848491126
0,24.0,0.011603593704137823,0.05275022580846641
0,25.0,0.010674150327033272,0.04227742553942765
0,1.0,0.05524668371456749,1.3864671900976173
0,2.0,0.04291130301215245,0.4757257763529673
0,3.0,0.028209063130884622,0.3582380375881445
0,4.0,0.0307336419404677,0.2731051720822962
0,5.0,0.0240887163980182,0.19684531618375029
0,6.0,0.015073564337084615,0.08230643813468566
0,7.0,0.012852489225572757,0.06293675574246403
0,8.0,0.011279362386412837,0.06311775229298736
0,9.0,0.016355297357092197,0.057111552079379534
0,10.0,0.015222537853477453,0.05788544956313155
0,11.0,0.013252846645861877,0.049297068307685044
0,12.0,0.011185743279020163,0.04411582322179139
0,13.0,0.010517185776856513,0.04500379389718923
0,14.0,0.0123025739968863,0.04705653307143442
0,15.0,0.011370538760584248,0.046206087748775375
0,16.0,0.012525478875352321,0.05989725925659597
0,17.0,0.013630656206700691,0.06399414853676828
0,18.0,0.013811483390627086,0.06463528230948154
0,19.0,0.013372256518940603,0.0606395336584316
0,20.0,0.011430558623596224,0.04620524903177732
0,21.0,0.011752668732149977,0.046065841209578406
0,22.0,0.011474987435241554,0.05057477542634804
0,23.0,0.00994722444120192,0.04219002503986499
0,24.0,0.01057013239959005,0.04148771190013814
0,25.0,0.010674150327032577,0.04227742553941424
0,1.0,0.039948939065616106,0.6381470273911497
0,2.0,0.036836365704813044,0.40755265855882306
0,3.0,0.03176180204258687,0.3800652103433973
0,4.0,0.02244216674335337,0.17485821160586779
0,5.0,0.020686230847048005,0.1374238964413377
0,6.0,0.017528880820804945,0.0907853440980741
0,7.0,0.014528632458274616,0.07582043462392062
0,8.0,0.013162533716053887,0.06276323072095255
0,9.0,0.011312479669518746,0.04796635600992686
0,10.0,0.011632846460560705,0.0607259301315661
0,11.0,0.012749045949293913,0.06811924578417188
0,12.0,0.013860748263343282,0.0620568136252714
0,13.0,0.012086718040483654,0.05210187338251817
0,14.0,0.010862077509764118,0.05038530429272398
0,15.0,0.01167245750793283,0.047985894345407724
0,16.0,0.010906452944600605,0.04880653916882501
0,17.0,0.011025964622405385,0.05627315046188194
0,18.0,0.01235095793700973,0.0642688096980626
0,19.0,0.010993120987930432,0.04924308398859825
0,20.0,0.010681387863423097,0.046556527043909376
0,21.0,0.010865989479786958,0.042176883959436494
0,22.0,0.012139634042593836,0.048876577643244205
0,23.0,0.010325676814072014,0.04006846282037638
0,24.0,0.010570132399590435,0.041487711900114826
0,25.0,0.010674150327033899,0.04227742553938232
0,1.0,0.05428285696481636,2.050548368101861
0,2.0,0.03160107654042693,0.5584987076782402
0,3.0,0.02889085530014422,0.6452108055808916
0,4.0,0.030999954186505838,0.5226080799625501
0,5.0,0.025004647913531765,0.2852414845777
0,6.0,0.026541491096219682,0.28944907586898366
0,7.0,0.02280261875839126,0.22680207964264598
0,8.0,0.02178679179696016,0.14992227059179805
0,9.0,0.021072399718941252,0.13471674831360017
0,10.0,0.017630401362781777,0.08962626440704818
0,11.0,0.015927278831596732,0.08491647306794459
0,12.0,0.014732307035903346,0.09331286638042424
0,13.0,0.015757508863660067,0.08968833005504533
0,14.0,0.016629169923453167,0.1016573166654384
0,15.0,0.015120245672217777,0.09990517151087168
0,16.0,0.015230021924448615,0.09888638454428886
0,17.0,0.013735032168355537,0.0941208285827615
0,18.0,0.015685240366252334,0.1057815354366506
0,19.0,0.013911667903489137,0.08170328833766727
0,20.0,0.01243700233856563,0.07067618292628045
0,21.0,0.012409386075489937,0.06396358875500048
0,22.0,0.012062064985099772,0.058922951755612143
0,23.0,0.010613796790629607,0.050462418948188724
0,24.0,0.011471531206904253,0.05026448325475025
0,25.0,0.010674150327008464,0.04227742553932947
0,1.0,0.07189203257760035,1.4320316275604486
0,2.0,0.037581406503465496,0.4803010788775702
0,3.0,0.028747078318096777,0.3745613505688664
0,4.0,0.021621213050438123,0.31704630970728226
0,5.0,0.02345437761107561,0.2879536040629407
0,6.0,0.019575484605924818,0.2532030678025157
0,7.0,0.014481057148158522,0.17327511265561354
0,8.0,0.016346646477039976,0.11743902215845012
0,9.0,0.01437064448253505,0.11162016090898676
0,10.0,0.016910781032676604,0.10680174882074918
0,11.0,0.015025333101312053,0.08023742576598751
0,12.0,0.012897244046649887,0.06577621724136676
0,13.0,0.011495055173736576,0.06505257735224045
0,14.0,0.011681768762074822,0.05551301080214151
0,15.0,0.009963113140059411,0.055000319390729836
0,16.0,0.009899825626007936,0.05864410233206529
0,17.0,0.008584175680606616,0.05174952491187845
0,18.0,0.009886599263605193,0.0683392927850793
0,19.0,0.010170033237585857,0.06436839573424644
0,20.0,0.010620053477343388,0.05726378057693129
0,21.0,0.011534524709947333,0.05457426292029696
0,22.0,0.011258022181886321,0.055110709738196165
0,23.0,0.011267570224279778,0.0464579992605434
0,24.0,0.009737609226199368,0.03620156824833383
0,25.0,0.010674150327018544,0.042277425539334786
